{
	"credit": "Made with Blockbench",
	"texture_size": [32, 32],
	"textures": {
		"1": "new assets:gun/skinned/5_teams/skin maker kit/gunmetal_base",
		"2": "new assets:gun/skinned/5_teams/skin maker kit/gunmetal_dark",
		"3": "new assets:gun/skinned/5_teams/skin maker kit/gunmetal_light",
		"4": "new assets:gun/skinned/5_teams/skin maker kit/gunmetal_color_material",
		"6": "new assets:gun/skinned/5_teams/skin maker kit/skin_stickers"
	},
	"elements": [
		{
			"from": [5, 8, -7],
			"to": [6, 10, 12],
			"faces": {
				"north": {"uv": [15.5, 0.5, 16, 1.5], "texture": "#1"},
				"east": {"uv": [6.5, 11, 16, 12], "texture": "#2"},
				"south": {"uv": [0, 0, 0.98, 2], "texture": "#missing"},
				"west": {"uv": [6.5, 3, 16, 4], "rotation": 180, "texture": "#1"}
			}
		},
		{
			"from": [4.95, 2.50105, 9.49163],
			"to": [9.05, 10.50105, 13.49163],
			"rotation": {"angle": -22.5, "axis": "x", "origin": [7.01, 7.00105, 11.49163]},
			"faces": {
				"north": {"uv": [0, 8, 2, 12], "rotation": 180, "texture": "#4"},
				"east": {"uv": [0, 10, 4, 12], "rotation": 270, "texture": "#4"},
				"south": {"uv": [0, 8, 2, 12], "texture": "#4"},
				"west": {"uv": [0, 9.5, 4, 11.5], "rotation": 90, "texture": "#4"},
				"up": {"uv": [1, 9.5, 3, 11.5], "rotation": 180, "texture": "#4"},
				"down": {"uv": [1.5, 10, 3.5, 12], "texture": "#4"}
			}
		},
		{
			"from": [6.01, 9, 12],
			"to": [7.99, 11, 20],
			"faces": {
				"east": {"uv": [0.5, 1, 4.5, 2], "texture": "#3"},
				"west": {"uv": [1, 1, 5, 2], "texture": "#3"},
				"up": {"uv": [1, 1, 5, 1.9895], "rotation": 90, "texture": "#3"},
				"down": {"uv": [1.5, 5.5, 5.5, 6.4895], "rotation": 90, "texture": "#3"}
			}
		},
		{
			"from": [5.5, 7, 19],
			"to": [8.5, 12, 21],
			"rotation": {"angle": -22.5, "axis": "x", "origin": [6.5, 10, 19]},
			"faces": {
				"north": {"uv": [2, 9, 3.5, 11.5], "rotation": 180, "texture": "#4"},
				"east": {"uv": [1, 10.5, 3.5, 11.5], "rotation": 270, "texture": "#4"},
				"south": {"uv": [0, 11, 1.5, 13.5], "texture": "#4"},
				"west": {"uv": [0, 8.5, 2.5, 9.5], "rotation": 90, "texture": "#4"},
				"up": {"uv": [3, 11, 4.5, 12], "rotation": 180, "texture": "#4"},
				"down": {"uv": [1.5, 10.5, 3, 11.5], "texture": "#4"}
			}
		},
		{
			"from": [5.995, -0.48821, -0.35285],
			"to": [8.005, 4.51179, 3.64715],
			"rotation": {"angle": -22.5, "axis": "x", "origin": [7, 1.01179, 1.64715]},
			"faces": {
				"north": {"uv": [3.5, 9, 4.5, 11.5], "rotation": 180, "texture": "#4"},
				"east": {"uv": [1.5, 11, 4, 13], "rotation": 270, "texture": "#4"},
				"south": {"uv": [2, 10, 3, 12.5], "texture": "#4"},
				"west": {"uv": [1, 11, 3.5, 13], "rotation": 90, "texture": "#4"},
				"down": {"uv": [2.5, 10.5, 3.5, 12.5], "texture": "#4"}
			}
		},
		{
			"from": [6, 3.48, -1.54],
			"to": [8, 7.48, 2.46],
			"rotation": {"angle": 0, "axis": "x", "origin": [7, 4.01, 0.46]},
			"faces": {
				"north": {"uv": [2.5, 9.5, 3.5, 11.5], "rotation": 180, "texture": "#4"},
				"east": {"uv": [2, 11.5, 4, 13.5], "rotation": 270, "texture": "#4"},
				"south": {"uv": [2.5, 10, 3.5, 12], "texture": "#4"},
				"west": {"uv": [3, 10, 5, 12], "rotation": 90, "texture": "#4"},
				"up": {"uv": [0, 0, 1, 2], "rotation": 180, "texture": "#missing"}
			}
		},
		{
			"from": [5, 10, -7],
			"to": [9, 11, 12],
			"faces": {
				"north": {"uv": [15.5, 0.5, 16, 2.5], "rotation": 90, "texture": "#1"},
				"east": {"uv": [6.5, 11.5, 16, 12], "texture": "#1"},
				"west": {"uv": [6.5, 5, 16, 5.5], "rotation": 180, "texture": "#1"},
				"up": {"uv": [6.5, 0.5, 16, 2.4895], "rotation": 270, "texture": "#1"},
				"down": {"uv": [6.5, 11.5, 16, 13.5], "rotation": 90, "texture": "#2"}
			}
		},
		{
			"from": [5, 7, -7],
			"to": [9, 8, 12],
			"faces": {
				"north": {"uv": [15.5, 0.5, 16, 2.5], "rotation": 90, "texture": "#1"},
				"east": {"uv": [6.5, 4, 16, 4.5], "texture": "#1"},
				"west": {"uv": [6.5, 2.5, 16, 3], "rotation": 180, "texture": "#1"},
				"up": {"uv": [6.5, 11.5, 16, 13.5], "rotation": 270, "texture": "#2"},
				"down": {"uv": [6.5, 2.5, 16, 4.5], "rotation": 90, "texture": "#1"}
			}
		},
		{
			"from": [8, 8, -7],
			"to": [9, 10, 12],
			"faces": {
				"north": {"uv": [15.5, 0.5, 16, 1.5], "texture": "#1"},
				"east": {"uv": [6.5, 5, 16, 6], "texture": "#1"},
				"west": {"uv": [6.5, 4, 16, 5], "rotation": 180, "texture": "#2"}
			}
		},
		{
			"from": [6.01, 8, 4],
			"to": [7.99, 10, 10],
			"faces": {
				"north": {"uv": [15, 15, 15.9795, 16], "texture": "#2"}
			}
		},
		{
			"from": [6.5, 12, -5],
			"to": [7.5, 13, -4],
			"rotation": {"angle": 0, "axis": "y", "origin": [14.5, 20, 3]},
			"faces": {
				"north": {"uv": [15.5, 2.5, 16, 3], "texture": "#2"},
				"east": {"uv": [4.5, 0, 5, 0.5], "texture": "#2"},
				"south": {"uv": [0, 0, 0.5, 0.5], "texture": "#2"},
				"west": {"uv": [4.5, 0, 5, 0.5], "texture": "#2"},
				"up": {"uv": [2.5, 0, 3, 0.5], "texture": "#2"}
			}
		},
		{
			"from": [8, 12, 8],
			"to": [9, 13, 9],
			"rotation": {"angle": 0, "axis": "y", "origin": [16, 20, 16]},
			"faces": {
				"north": {"uv": [15.5, 2.5, 16, 3], "texture": "#2"},
				"east": {"uv": [4.5, 0, 5, 0.5], "texture": "#2"},
				"south": {"uv": [0, 0, 0.5, 0.5], "texture": "#2"},
				"west": {"uv": [4.5, 0, 5, 0.5], "texture": "#2"},
				"up": {"uv": [2.5, 0, 3, 0.5], "texture": "#2"}
			}
		},
		{
			"from": [5, 12, 8],
			"to": [6, 13, 9],
			"rotation": {"angle": 0, "axis": "y", "origin": [13, 20, 16]},
			"faces": {
				"north": {"uv": [15.5, 2.5, 16, 3], "texture": "#2"},
				"east": {"uv": [4.5, 0, 5, 0.5], "texture": "#2"},
				"south": {"uv": [0, 0, 0.5, 0.5], "texture": "#2"},
				"west": {"uv": [4.5, 0, 5, 0.5], "texture": "#2"},
				"up": {"uv": [2.5, 0, 3, 0.5], "texture": "#2"}
			}
		},
		{
			"from": [5, 11, -5],
			"to": [9, 12, 10],
			"rotation": {"angle": 0, "axis": "y", "origin": [14, 19, 8]},
			"faces": {
				"north": {"uv": [4.5, 3, 6.5, 3.5], "rotation": 180, "texture": "#3"},
				"east": {"uv": [6, 3, 6.5, 10.5], "rotation": 90, "texture": "#3"},
				"south": {"uv": [4.5, 10, 6.5, 10.5], "texture": "#3"},
				"west": {"uv": [4.5, 3, 5, 10.5], "rotation": 270, "texture": "#3"},
				"up": {"uv": [4.5, 3, 6.5, 10.5], "texture": "#3"}
			}
		},
		{
			"from": [6.5, 5, 7],
			"to": [7.5, 8, 8],
			"rotation": {"angle": -22.5, "axis": "x", "origin": [7, 7, 7.5]},
			"faces": {
				"north": {"uv": [11, 1, 11.5, 2.5], "texture": "#2"},
				"east": {"uv": [12.5, 2.5, 13, 4], "texture": "#2"},
				"south": {"uv": [2.5, 3.5, 3, 5], "texture": "#2"},
				"west": {"uv": [3, 2, 3.5, 3.5], "texture": "#2"},
				"down": {"uv": [4, 3.5, 4.5, 4], "texture": "#2"}
			}
		},
		{
			"name": "skin_sticker",
			"from": [5.99, 3, -1],
			"to": [8.02, 6, 2],
			"rotation": {"angle": 0, "axis": "y", "origin": [14, 12, 8]},
			"faces": {
				"east": {"uv": [0, 0, 1, 1], "texture": "#6"},
				"west": {"uv": [0, 0, 1, 1], "texture": "#6"}
			}
		}
	],
	"display": {
		"thirdperson_righthand": {
			"translation": [0, 0, -1.5],
			"scale": [0.9, 0.9, 0.9]
		},
		"thirdperson_lefthand": {
			"translation": [0, 0, -1.5],
			"scale": [0.9, 0.9, 0.9]
		},
		"ground": {
			"translation": [0, 2, 0],
			"scale": [0.5, 0.5, 0.5]
		},
		"gui": {
			"rotation": [30, 225, 0],
			"translation": [-0.75, 0, 0],
			"scale": [0.625, 0.625, 0.625]
		},
		"head": {
			"translation": [1, 21.75, 0]
		},
		"fixed": {
			"rotation": [0, 90, 0],
			"translation": [1, 0, -2.75]
		}
	}
}