{
	"credit": "Made with Blockbench",
	"texture_size": [32, 32],
	"textures": {
		"3": "new assets:gun/skinned/5_teams/skin maker kit/gunmetal_base",
		"4": "new assets:gun/skinned/5_teams/skin maker kit/gunmetal_color_material",
		"5": "new assets:gun/skinned/5_teams/skin maker kit/gunmetal_dark",
		"6": "new assets:gun/skinned/5_teams/skin maker kit/skin_stickers",
		"particle": "new assets:gun/skinned/5_teams/skin maker kit/skin_stickers"
	},
	"elements": [
		{
			"from": [3.99, 1.75648, 10.19919],
			"to": [11.01, 9.75648, 14.19919],
			"rotation": {"angle": -45, "axis": "x", "origin": [7, 5.76648, 12.90919]},
			"faces": {
				"north": {"uv": [0, 8, 3.5, 12], "rotation": 180, "texture": "#4"},
				"east": {"uv": [0, 10, 4, 12], "rotation": 270, "texture": "#4"},
				"south": {"uv": [0, 8, 3.5, 12], "texture": "#4"},
				"west": {"uv": [0, 9.5, 4, 11.5], "rotation": 90, "texture": "#4"},
				"down": {"uv": [1.5, 10, 5, 12], "texture": "#4"}
			}
		},
		{
			"from": [4, 6.5, -7],
			"to": [5, 9.5, 11],
			"rotation": {"angle": 0, "axis": "y", "origin": [11, 14.5, 1]},
			"faces": {
				"north": {"uv": [15.5, 8.5, 16, 10], "texture": "#3"},
				"east": {"uv": [7, 3, 16, 4.5], "texture": "#5"},
				"west": {"uv": [7, 4, 16, 5.5], "rotation": 180, "texture": "#3"},
				"up": {"uv": [7.5, 7, 16, 7.5], "rotation": 270, "texture": "#3"},
				"down": {"uv": [7, 5, 16, 5.5], "rotation": 90, "texture": "#3"}
			}
		},
		{
			"from": [7, 6.5, -7],
			"to": [8, 9.5, 11],
			"rotation": {"angle": 0, "axis": "y", "origin": [14, 14.5, 1]},
			"faces": {
				"north": {"uv": [15.5, 8.5, 16, 10], "texture": "#3"},
				"east": {"uv": [7, 3, 16, 4.5], "texture": "#5"},
				"west": {"uv": [0, 2.5, 9, 4], "texture": "#5"},
				"up": {"uv": [7, 6.5, 16, 7], "rotation": 270, "texture": "#3"},
				"down": {"uv": [7, 6.5, 16, 7], "rotation": 90, "texture": "#3"}
			}
		},
		{
			"from": [10, 6.5, -7],
			"to": [11, 9.5, 11],
			"rotation": {"angle": 0, "axis": "y", "origin": [17, 14.5, 1]},
			"faces": {
				"north": {"uv": [15.5, 8.5, 16, 10], "texture": "#3"},
				"east": {"uv": [7, 5, 16, 6.5], "texture": "#3"},
				"west": {"uv": [0, 2.5, 9, 4], "texture": "#5"},
				"up": {"uv": [7, 5, 16, 5.5], "rotation": 270, "texture": "#3"},
				"down": {"uv": [7, 6, 16, 6.5], "rotation": 90, "texture": "#3"}
			}
		},
		{
			"from": [8, 9, -7],
			"to": [10, 10, 11],
			"rotation": {"angle": 0, "axis": "y", "origin": [13, 17, 1]},
			"faces": {
				"north": {"uv": [14, 15.5, 15, 16], "rotation": 180, "texture": "#3"},
				"east": {"uv": [7, 4.5, 16, 5], "texture": "#3"},
				"south": {"uv": [4, 0.5, 5, 1], "texture": "#3"},
				"west": {"uv": [7, 4, 16, 4.5], "rotation": 180, "texture": "#3"},
				"up": {"uv": [7, 4, 16, 5], "rotation": 270, "texture": "#3"},
				"down": {"uv": [2, 7, 3, 16], "texture": "#5"}
			}
		},
		{
			"from": [8, 6, -7],
			"to": [10, 7, 11],
			"rotation": {"angle": 0, "axis": "y", "origin": [13, 14, 1]},
			"faces": {
				"north": {"uv": [15, 15.5, 16, 16], "texture": "#3"},
				"east": {"uv": [7, 4, 16, 4.5], "texture": "#3"},
				"west": {"uv": [7, 4.5, 16, 5], "rotation": 180, "texture": "#3"},
				"up": {"uv": [2.5, 0, 3.5, 9], "texture": "#5"},
				"down": {"uv": [7, 4, 16, 5], "rotation": 90, "texture": "#3"}
			}
		},
		{
			"from": [5, 9, -7],
			"to": [7, 10, 11],
			"rotation": {"angle": 0, "axis": "y", "origin": [10, 17, 1]},
			"faces": {
				"north": {"uv": [14, 15.5, 15, 16], "texture": "#3"},
				"east": {"uv": [7, 7, 16, 7.5], "texture": "#3"},
				"south": {"uv": [4, 0.5, 5, 1], "texture": "#3"},
				"west": {"uv": [7, 6.5, 16, 7], "rotation": 180, "texture": "#3"},
				"up": {"uv": [7, 6.5, 16, 7.5], "rotation": 270, "texture": "#3"},
				"down": {"uv": [2, 7, 3, 16], "texture": "#5"}
			}
		},
		{
			"from": [5, 6, -7],
			"to": [7, 7, 11],
			"rotation": {"angle": 0, "axis": "y", "origin": [10, 14, 1]},
			"faces": {
				"north": {"uv": [15, 15.5, 16, 16], "texture": "#3"},
				"east": {"uv": [7, 6.5, 16, 7], "texture": "#3"},
				"west": {"uv": [7, 7, 16, 7.5], "rotation": 180, "texture": "#3"},
				"up": {"uv": [4.5, 0, 5.5, 9], "texture": "#5"},
				"down": {"uv": [7, 6.5, 16, 7.5], "rotation": 90, "texture": "#3"}
			}
		},
		{
			"from": [5, 7, 9],
			"to": [7, 9, 10],
			"rotation": {"angle": 0, "axis": "y", "origin": [10, 14, 19]},
			"faces": {
				"north": {"uv": [15, 15, 16, 16], "texture": "#5"}
			}
		},
		{
			"from": [8, 7, 9],
			"to": [10, 9, 10],
			"rotation": {"angle": 0, "axis": "y", "origin": [13, 14, 19]},
			"faces": {
				"north": {"uv": [15, 15, 16, 16], "texture": "#5"}
			}
		},
		{
			"from": [7, 4, 6],
			"to": [8, 7, 7],
			"rotation": {"angle": -22.5, "axis": "x", "origin": [7.5, 5.5, 6.5]},
			"faces": {
				"north": {"uv": [0, 0, 0.5, 1.5], "texture": "#5"},
				"east": {"uv": [0, 0, 0.5, 1.5], "texture": "#5"},
				"south": {"uv": [0, 0, 0.5, 1.5], "texture": "#5"},
				"west": {"uv": [0, 0, 0.5, 1.5], "texture": "#5"},
				"up": {"uv": [0, 0, 0.5, 0.5], "texture": "#5"},
				"down": {"uv": [0, 0, 0.5, 0.5], "texture": "#5"}
			}
		},
		{
			"from": [5.5, 10, 10],
			"to": [6.5, 11, 11],
			"rotation": {"angle": 0, "axis": "y", "origin": [13.5, 18, 18]},
			"faces": {
				"north": {"uv": [0, 0, 0.5, 0.5], "texture": "#5"},
				"east": {"uv": [0, 0, 0.5, 0.5], "texture": "#5"},
				"south": {"uv": [0, 0, 0.5, 0.5], "texture": "#5"},
				"west": {"uv": [0, 0, 0.5, 0.5], "texture": "#5"},
				"up": {"uv": [0, 0, 0.5, 0.5], "texture": "#5"}
			}
		},
		{
			"from": [8.5, 10, 10],
			"to": [9.5, 11, 11],
			"rotation": {"angle": 0, "axis": "y", "origin": [16.5, 18, 18]},
			"faces": {
				"north": {"uv": [0, 0, 0.5, 0.5], "texture": "#5"},
				"east": {"uv": [0, 0, 0.5, 0.5], "texture": "#5"},
				"south": {"uv": [0, 0, 0.5, 0.5], "texture": "#5"},
				"west": {"uv": [0, 0, 0.5, 0.5], "texture": "#5"},
				"up": {"uv": [0, 0, 0.5, 0.5], "texture": "#5"}
			}
		},
		{
			"from": [7, 9.5, -6],
			"to": [8, 11.5, -5],
			"rotation": {"angle": 0, "axis": "y", "origin": [15, 17.5, 2]},
			"faces": {
				"north": {"uv": [0, 0, 0.5, 0.5], "texture": "#5"},
				"east": {"uv": [0, 0, 0.5, 0.5], "texture": "#5"},
				"south": {"uv": [0, 0, 0.5, 0.5], "texture": "#5"},
				"west": {"uv": [0, 0, 0.5, 0.5], "texture": "#5"},
				"up": {"uv": [0, 0, 0.5, 0.5], "texture": "#5"}
			}
		},
		{
			"from": [3.5, 5.5, -5],
			"to": [11.5, 6.5, 1],
			"rotation": {"angle": 0, "axis": "y", "origin": [17.5, 8.5, 8]},
			"faces": {
				"north": {"uv": [0, 0, 4, 0.5], "texture": "#4"},
				"east": {"uv": [0, 0, 3, 0.5], "texture": "#4"},
				"south": {"uv": [0, 0, 4, 0.5], "texture": "#4"},
				"west": {"uv": [0, 0, 3, 0.5], "texture": "#4"},
				"down": {"uv": [0, 0, 4, 3], "texture": "#4"}
			}
		},
		{
			"from": [3.5, 6.5, -5],
			"to": [4.5, 8.5, 1],
			"rotation": {"angle": 0, "axis": "y", "origin": [17.5, 8.5, 8]},
			"faces": {
				"north": {"uv": [0, 0.5, 0.5, 1.5], "texture": "#4"},
				"east": {"uv": [0, 0, 3, 1], "texture": "#missing"},
				"south": {"uv": [0, 0.5, 0.5, 1.5], "texture": "#4"},
				"west": {"uv": [0, 1, 3, 2], "texture": "#4"},
				"up": {"uv": [0, 0, 0.5, 3], "texture": "#4"}
			}
		},
		{
			"from": [10.5, 6.5, -5],
			"to": [11.5, 8.5, 1],
			"rotation": {"angle": 0, "axis": "y", "origin": [24.5, 8.5, 8]},
			"faces": {
				"north": {"uv": [0, 0.5, 0.5, 1.5], "texture": "#4"},
				"east": {"uv": [0, 0.5, 3, 1.5], "texture": "#4"},
				"south": {"uv": [0, 0.5, 0.5, 1.5], "texture": "#4"},
				"west": {"uv": [0, 0, 3, 1], "texture": "#missing"},
				"up": {"uv": [0, 0, 0.5, 3], "texture": "#4"}
			}
		},
		{
			"from": [3.4, 5.5, -3.5],
			"to": [11.6, 8.5, -0.5],
			"rotation": {"angle": 0, "axis": "y", "origin": [11.5, 8.5, 8.5]},
			"faces": {
				"east": {"uv": [0, 0, 1, 1], "texture": "#6"},
				"west": {"uv": [0, 0, 1, 1], "texture": "#6"}
			}
		}
	],
	"display": {
		"thirdperson_righthand": {
			"translation": [0.65, 0.75, 1.25],
			"scale": [0.9, 0.9, 0.9]
		},
		"thirdperson_lefthand": {
			"rotation": [55.5, 0, 0],
			"translation": [0.65, 2.5, 0.5],
			"scale": [0.9, 0.9, 0.9]
		},
		"firstperson_righthand": {
			"translation": [0, 0.5, 0]
		},
		"firstperson_lefthand": {
			"translation": [0, 0.5, 0]
		},
		"ground": {
			"translation": [0, 2, 0],
			"scale": [0.5, 0.5, 0.5]
		},
		"gui": {
			"rotation": [30, -135, 0],
			"translation": [-1.5, 0, 0],
			"scale": [0.625, 0.625, 0.625]
		},
		"head": {
			"translation": [0.5, 8, 5.75]
		},
		"fixed": {
			"rotation": [0, 90, 0],
			"translation": [5, 0, -3]
		}
	}
}