{
	"credit": "Made with Blockbench",
	"texture_size": [32, 32],
	"textures": {
		"1": "new assets:gun/skinned/5_teams/skin maker kit/gunmetal_base",
		"4": "new assets:gun/skinned/5_teams/skin maker kit/gunmetal_color_material",
		"5": "new assets:gun/skinned/5_teams/skin maker kit/gunmetal_dark",
		"6": "new assets:gun/skinned/5_teams/skin maker kit/skin_stickers"
	},
	"elements": [
		{
			"from": [5, 8, -9],
			"to": [6, 10, 10],
			"faces": {
				"north": {"uv": [15.5, 0.5, 16, 1.5], "texture": "#1"},
				"east": {"uv": [6.5, 11.5, 16, 12.5], "texture": "#5"},
				"west": {"uv": [6.5, 3, 16, 4], "rotation": 180, "texture": "#1"}
			}
		},
		{
			"from": [6.5, 5, 8],
			"to": [7.5, 8, 9],
			"rotation": {"angle": -22.5, "axis": "x", "origin": [7, 6.01, 9.76]},
			"faces": {
				"north": {"uv": [10.5, 11, 11, 12.5], "rotation": 180, "texture": "#5"},
				"east": {"uv": [10, 9, 10.5, 10.5], "texture": "#5"},
				"south": {"uv": [11, 10.5, 11.5, 12], "texture": "#5"},
				"west": {"uv": [8.5, 14, 10, 14.5], "rotation": 90, "texture": "#5"},
				"down": {"uv": [9, 9, 9.5, 9.5], "texture": "#5"}
			}
		},
		{
			"from": [6, 2, -2],
			"to": [8, 7, 0],
			"rotation": {"angle": 0, "axis": "x", "origin": [7, 3.01, -1.54]},
			"faces": {
				"north": {"uv": [9, 10, 10, 12.5], "rotation": 180, "texture": "#5"},
				"east": {"uv": [13.5, 8.5, 14.5, 11], "texture": "#5"},
				"south": {"uv": [12, 11, 13, 13.5], "texture": "#5"},
				"west": {"uv": [11, 9, 12, 11.5], "texture": "#5"},
				"down": {"uv": [11.5, 11, 12.5, 12], "texture": "#5"}
			}
		},
		{
			"from": [6, 2, 10],
			"to": [8, 7, 12],
			"rotation": {"angle": 0, "axis": "x", "origin": [7, 3.01, 10.46]},
			"faces": {
				"north": {"uv": [7.5, 4.5, 8.5, 7], "rotation": 180, "texture": "#5"},
				"east": {"uv": [11.5, 2, 12.5, 4.5], "texture": "#5"},
				"south": {"uv": [12.5, 7, 13.5, 9.5], "texture": "#5"},
				"west": {"uv": [8.5, 8, 9.5, 10.5], "texture": "#5"},
				"down": {"uv": [11.5, 11, 12.5, 12], "texture": "#5"}
			}
		},
		{
			"from": [5, 10, -9],
			"to": [9, 11, 10],
			"faces": {
				"north": {"uv": [15.5, 0.5, 16, 2.5], "rotation": 90, "texture": "#1"},
				"east": {"uv": [6.5, 5, 16, 5.5], "texture": "#1"},
				"west": {"uv": [6.5, 1.5, 16, 2], "rotation": 180, "texture": "#1"},
				"up": {"uv": [6.5, 1.5, 16, 3.5], "rotation": 270, "texture": "#1"},
				"down": {"uv": [6.5, 11.5, 16, 13.5], "rotation": 90, "texture": "#5"}
			}
		},
		{
			"from": [5, 7, -9],
			"to": [9, 8, 10],
			"faces": {
				"north": {"uv": [15.5, 0.5, 16, 2.5], "rotation": 90, "texture": "#1"},
				"east": {"uv": [6.5, 2, 16, 2.5], "texture": "#1"},
				"west": {"uv": [6.5, 2.5, 16, 3], "rotation": 180, "texture": "#1"},
				"up": {"uv": [6.5, 11.5, 16, 13.5], "rotation": 270, "texture": "#5"},
				"down": {"uv": [6.5, 0.5, 16, 2.5], "rotation": 90, "texture": "#1"}
			}
		},
		{
			"from": [8, 8, -9],
			"to": [9, 10, 10],
			"faces": {
				"north": {"uv": [15.5, 0.5, 16, 1.5], "texture": "#1"},
				"east": {"uv": [6.5, 3, 16, 4], "texture": "#1"},
				"west": {"uv": [6.5, 11.5, 16, 12.5], "rotation": 180, "texture": "#5"}
			}
		},
		{
			"from": [8, 8, 10],
			"to": [9, 10, 29],
			"rotation": {"angle": 0, "axis": "y", "origin": [7, 9, 19.5]},
			"faces": {
				"east": {"uv": [6.5, 1.5, 16, 2.5], "rotation": 180, "texture": "#1"},
				"south": {"uv": [15.5, 0.5, 16, 1.5], "texture": "#1"},
				"west": {"uv": [6.5, 11.5, 16, 12.5], "texture": "#5"}
			}
		},
		{
			"from": [5, 7, 10],
			"to": [9, 8, 29],
			"rotation": {"angle": 0, "axis": "y", "origin": [7, 9, 19.5]},
			"faces": {
				"east": {"uv": [6.5, 2, 16, 2.5], "rotation": 180, "texture": "#1"},
				"south": {"uv": [15.5, 0.5, 16, 2.5], "rotation": 90, "texture": "#1"},
				"west": {"uv": [6.5, 2.5, 16, 3], "texture": "#1"},
				"up": {"uv": [6.5, 11.5, 16, 13.5], "rotation": 90, "texture": "#5"},
				"down": {"uv": [6.5, 1, 16, 3], "rotation": 270, "texture": "#1"}
			}
		},
		{
			"from": [5, 10, 10],
			"to": [9, 11, 29],
			"rotation": {"angle": 0, "axis": "y", "origin": [7, 9, 19.5]},
			"faces": {
				"east": {"uv": [6.5, 7, 16, 7.5], "rotation": 180, "texture": "#1"},
				"south": {"uv": [15.5, 0.5, 16, 2.5], "rotation": 90, "texture": "#1"},
				"west": {"uv": [6.5, 0.5, 16, 1], "texture": "#1"},
				"up": {"uv": [6.5, 1.5, 16, 3.5], "rotation": 90, "texture": "#1"},
				"down": {"uv": [6.5, 11.5, 16, 13.5], "rotation": 270, "texture": "#5"}
			}
		},
		{
			"from": [5, 8, 10],
			"to": [6, 10, 29],
			"rotation": {"angle": 0, "axis": "y", "origin": [7, 9, 19.5]},
			"faces": {
				"east": {"uv": [6.5, 11.5, 16, 12.5], "rotation": 180, "texture": "#5"},
				"south": {"uv": [15.5, 0.5, 16, 1.5], "texture": "#1"},
				"west": {"uv": [6.5, 1.5, 16, 2.5], "texture": "#1"}
			}
		},
		{
			"from": [9, 6.5, -8],
			"to": [10, 11.5, -7],
			"rotation": {"angle": 0, "axis": "y", "origin": [8, 13.5, -16.5]},
			"faces": {
				"north": {"uv": [4.5, 9, 7, 9.5], "rotation": 90, "texture": "#4"},
				"east": {"uv": [4.5, 9, 7, 9.5], "rotation": 90, "texture": "#4"},
				"south": {"uv": [4.5, 9, 7, 9.5], "rotation": 90, "texture": "#4"},
				"up": {"uv": [4.5, 9, 5, 9.5], "rotation": 90, "texture": "#4"},
				"down": {"uv": [4.5, 9, 5, 9.5], "rotation": 90, "texture": "#4"}
			}
		},
		{
			"from": [9, 6, 27],
			"to": [10, 12, 28],
			"rotation": {"angle": 0, "axis": "y", "origin": [8, 12, 18.5]},
			"faces": {
				"north": {"uv": [4.5, 9, 7.5, 9.5], "rotation": 90, "texture": "#4"},
				"east": {"uv": [4.5, 9, 7.5, 9.5], "rotation": 90, "texture": "#4"},
				"south": {"uv": [4.5, 9, 7.5, 9.5], "rotation": 90, "texture": "#4"},
				"up": {"uv": [4.5, 9, 5, 9.5], "rotation": 90, "texture": "#4"},
				"down": {"uv": [4.5, 9, 5, 9.5], "rotation": 90, "texture": "#4"}
			}
		},
		{
			"from": [5, 6, -8],
			"to": [9, 7, -7],
			"rotation": {"angle": 0, "axis": "y", "origin": [7, 9, -16.5]},
			"faces": {
				"north": {"uv": [4.5, 9, 5, 11], "rotation": 90, "texture": "#4"},
				"east": {"uv": [4.5, 9, 5, 9.5], "rotation": 90, "texture": "#4"},
				"south": {"uv": [4.5, 9, 5, 11], "rotation": 90, "texture": "#4"},
				"west": {"uv": [4.5, 9, 5, 9.5], "rotation": 90, "texture": "#4"},
				"down": {"uv": [4.5, 9, 5, 11], "rotation": 90, "texture": "#4"}
			}
		},
		{
			"from": [5, 6, 27],
			"to": [9, 7, 28],
			"rotation": {"angle": 0, "axis": "y", "origin": [7, 9, 18.5]},
			"faces": {
				"north": {"uv": [4.5, 9, 5, 11], "rotation": 90, "texture": "#4"},
				"south": {"uv": [4.5, 9, 5, 11], "rotation": 90, "texture": "#4"},
				"down": {"uv": [4.5, 9, 5, 11], "rotation": 90, "texture": "#4"}
			}
		},
		{
			"from": [4, 6.5, -8],
			"to": [5, 11.5, -7],
			"rotation": {"angle": 0, "axis": "y", "origin": [3, 13.5, -16.5]},
			"faces": {
				"north": {"uv": [4.5, 9, 7, 9.5], "rotation": 90, "texture": "#4"},
				"south": {"uv": [4.5, 9, 7, 9.5], "rotation": 90, "texture": "#4"},
				"west": {"uv": [4.5, 9, 7, 9.5], "rotation": 90, "texture": "#4"},
				"up": {"uv": [4.5, 9, 5, 9.5], "rotation": 90, "texture": "#4"},
				"down": {"uv": [4.5, 9, 5, 9.5], "rotation": 90, "texture": "#4"}
			}
		},
		{
			"from": [4, 6, 27],
			"to": [5, 12, 28],
			"rotation": {"angle": 0, "axis": "y", "origin": [3, 12, 18.5]},
			"faces": {
				"north": {"uv": [4.5, 9, 7.5, 9.5], "rotation": 90, "texture": "#4"},
				"south": {"uv": [4.5, 9, 7.5, 9.5], "rotation": 90, "texture": "#4"},
				"west": {"uv": [4.5, 9, 7.5, 9.5], "rotation": 90, "texture": "#4"},
				"up": {"uv": [4.5, 9, 5, 9.5], "rotation": 90, "texture": "#4"},
				"down": {"uv": [4.5, 9, 5, 9.5], "rotation": 90, "texture": "#4"}
			}
		},
		{
			"from": [5, 11, -8],
			"to": [9, 12, -7],
			"rotation": {"angle": 0, "axis": "y", "origin": [7, 14, -16.5]},
			"faces": {
				"north": {"uv": [4.5, 9, 5, 11], "rotation": 90, "texture": "#4"},
				"east": {"uv": [4.5, 9, 5, 9.5], "rotation": 90, "texture": "#4"},
				"south": {"uv": [4.5, 9, 5, 11], "rotation": 90, "texture": "#4"},
				"west": {"uv": [4.5, 9, 5, 9.5], "rotation": 90, "texture": "#4"},
				"up": {"uv": [4.5, 9, 5, 11], "rotation": 90, "texture": "#4"}
			}
		},
		{
			"from": [5, 11, 27],
			"to": [9, 12, 28],
			"rotation": {"angle": 0, "axis": "y", "origin": [7, 14, 18.5]},
			"faces": {
				"north": {"uv": [4.5, 9, 5, 11], "rotation": 90, "texture": "#4"},
				"south": {"uv": [4.5, 9, 5, 11], "rotation": 90, "texture": "#4"},
				"up": {"uv": [4.5, 9, 5, 11], "rotation": 90, "texture": "#4"}
			}
		},
		{
			"from": [-0.25, 11, -3.999],
			"to": [0.75, 13, 5.001],
			"rotation": {"angle": 0, "axis": "y", "origin": [3.75, 8, 9.25]},
			"faces": {
				"north": {"uv": [15.5, 0.5, 16, 1.5], "texture": "#1"},
				"east": {"uv": [8, 11.5, 12.5, 12.5], "rotation": 180, "texture": "#5"},
				"south": {"uv": [15.5, 0.5, 16, 1.5], "texture": "#1"},
				"west": {"uv": [0.5, 1, 5, 2], "rotation": 180, "texture": "#1"},
				"up": {"uv": [9, 7.5, 13.5, 8], "rotation": 90, "texture": "#1"},
				"down": {"uv": [9, 7.5, 13.5, 8], "rotation": 90, "texture": "#1"}
			}
		},
		{
			"from": [1.75, 11, -3.999],
			"to": [2.75, 13, 5.001],
			"rotation": {"angle": 0, "axis": "y", "origin": [5.75, 8, 9.25]},
			"faces": {
				"north": {"uv": [15.5, 0.5, 16, 1.5], "texture": "#1"},
				"east": {"uv": [8, 11.5, 12.5, 12.5], "rotation": 180, "texture": "#1"},
				"south": {"uv": [15.5, 0.5, 16, 1.5], "texture": "#1"},
				"west": {"uv": [0.5, 1, 5, 2], "rotation": 180, "texture": "#5"},
				"up": {"uv": [9, 7.5, 13.5, 8], "rotation": 90, "texture": "#1"},
				"down": {"uv": [9, 7.5, 13.5, 8], "rotation": 90, "texture": "#1"}
			}
		},
		{
			"from": [0.25, 12.5, -4],
			"to": [2.25, 13.5, 5],
			"rotation": {"angle": 0, "axis": "y", "origin": [4, 8.5, 9]},
			"faces": {
				"north": {"uv": [15.5, 0.5, 16, 1.5], "rotation": 90, "texture": "#1"},
				"east": {"uv": [9, 7.5, 13.5, 8], "texture": "#1"},
				"south": {"uv": [15.5, 0.5, 16, 1.5], "rotation": 90, "texture": "#1"},
				"west": {"uv": [9, 7.5, 13.5, 8], "texture": "#1"},
				"up": {"uv": [0.5, 1, 5, 2], "rotation": 90, "texture": "#1"},
				"down": {"uv": [8, 11.5, 12.5, 12.5], "rotation": 270, "texture": "#5"}
			}
		},
		{
			"from": [0.25, 10.5, -4],
			"to": [2.25, 11.5, 5],
			"rotation": {"angle": 0, "axis": "y", "origin": [4, 6.5, 9]},
			"faces": {
				"north": {"uv": [15.5, 0.5, 16, 1.5], "rotation": 90, "texture": "#1"},
				"east": {"uv": [9, 7.5, 13.5, 8], "texture": "#1"},
				"south": {"uv": [15.5, 0.5, 16, 1.5], "rotation": 90, "texture": "#1"},
				"west": {"uv": [9, 7.5, 13.5, 8], "texture": "#1"},
				"up": {"uv": [0.5, 1, 5, 2], "rotation": 90, "texture": "#5"},
				"down": {"uv": [8, 11.5, 12.5, 12.5], "rotation": 270, "texture": "#1"}
			}
		},
		{
			"from": [2.08, 10.58, -3],
			"to": [6.08, 11.58, -2],
			"rotation": {"angle": -22.5, "axis": "z", "origin": [4.5, 11.08, -3.04]},
			"faces": {
				"north": {"uv": [9, 10, 9.5, 12], "rotation": 270, "texture": "#5"},
				"south": {"uv": [12, 11, 12.5, 13], "rotation": 270, "texture": "#5"},
				"up": {"uv": [13.5, 8.5, 14, 10.5], "rotation": 270, "texture": "#5"},
				"down": {"uv": [11, 9, 11.5, 11], "rotation": 270, "texture": "#5"}
			}
		},
		{
			"from": [2.08, 10.58, 3],
			"to": [6.08, 11.58, 4],
			"rotation": {"angle": -22.5, "axis": "z", "origin": [4.5, 11.08, 2.96]},
			"faces": {
				"north": {"uv": [9, 10, 9.5, 12], "rotation": 270, "texture": "#5"},
				"south": {"uv": [12, 11, 12.5, 13], "rotation": 270, "texture": "#5"},
				"up": {"uv": [13.5, 8.5, 14, 10.5], "rotation": 270, "texture": "#5"},
				"down": {"uv": [11, 9, 11.5, 11], "rotation": 270, "texture": "#5"}
			}
		},
		{
			"name": "skin_sticker",
			"from": [4.99, 7.5, 12],
			"to": [9.01, 10.5, 15],
			"rotation": {"angle": 0, "axis": "y", "origin": [15, 15.5, 20]},
			"faces": {
				"east": {"uv": [0, 0, 1, 1], "texture": "#6"},
				"west": {"uv": [0, 0, 1, 1], "texture": "#6"}
			}
		}
	],
	"display": {
		"thirdperson_righthand": {
			"translation": [1, 0, -1.5],
			"scale": [0.9, 0.9, 0.9]
		},
		"thirdperson_lefthand": {
			"translation": [-0.5, 0, -1.5],
			"scale": [0.9, 0.9, 0.9]
		},
		"firstperson_righthand": {
			"translation": [0, 4, 5]
		},
		"ground": {
			"translation": [0, 2, 0],
			"scale": [0.5, 0.5, 0.5]
		},
		"gui": {
			"rotation": [30, 225, 0],
			"translation": [0.25, -1, 0],
			"scale": [0.475, 0.475, 0.475]
		},
		"head": {
			"rotation": [98, -42.75, -82],
			"translation": [1.5, -10.75, 6.5],
			"scale": [1.15, 1.15, 1.15]
		},
		"fixed": {
			"rotation": [-25.5, 90, 0],
			"translation": [-2.25, 0, -5]
		}
	},
	"groups": [
		{
			"name": "bazooka",
			"origin": [8, 8, 8],
			"children": [0, 1, 2, 3, 4, 5, 6, 7, 8, 9, 10, 11, 12, 13, 14, 15, 16, 17, 18, 19, 20, 21, 22, 23, 24]
		}, 25]
}