{
	"credit": "Made with Blockbench",
	"texture_size": [32, 32],
	"textures": {
		"1": "new assets:gun/skinned/5_teams/skin maker kit/gunmetal_light",
		"3": "new assets:gun/skinned/5_teams/skin maker kit/gunmetal_base",
		"4": "new assets:gun/skinned/5_teams/skin maker kit/gunmetal_color_material",
		"5": "new assets:gun/skinned/5_teams/skin maker kit/gunmetal_dark",
		"6": "new assets:gun/skinned/5_teams/skin maker kit/skin_stickers",
		"particle": "new assets:gun/skinned/5_teams/skin maker kit/skin_stickers"
	},
	"elements": [
		{
			"from": [6, 8, 1],
			"to": [7, 9, 12],
			"faces": {
				"north": {"uv": [15.5, 0.5, 15.99, 1], "texture": "#3"},
				"east": {"uv": [10.5, 13, 16, 13.5], "texture": "#5"},
				"west": {"uv": [10.5, 1, 16, 1.5], "rotation": 180, "texture": "#3"},
				"up": {"uv": [11.5, 10.5, 12, 16], "rotation": 180, "texture": "#3"}
			}
		},
		{
			"from": [6.01, 1.99, 10],
			"to": [8.99, 8.99, 13],
			"rotation": {"angle": 0, "axis": "y", "origin": [8, 8, 9]},
			"faces": {
				"north": {"uv": [0, 8, 1.5, 11.5], "rotation": 180, "texture": "#4"},
				"east": {"uv": [0, 10, 3.5, 11.5], "rotation": 270, "texture": "#4"},
				"south": {"uv": [0, 8, 1.5, 11.5], "texture": "#4"},
				"west": {"uv": [0, 9.5, 3.5, 11], "rotation": 90, "texture": "#4"},
				"up": {"uv": [1, 9.5, 2.5, 11], "rotation": 180, "texture": "#4"}
			}
		},
		{
			"from": [6.51, 9, 1],
			"to": [8.49, 10, 12],
			"rotation": {"angle": 0, "axis": "y", "origin": [7.5, 8, 8]},
			"faces": {
				"north": {"uv": [15.5, 0.5, 16, 1.49], "rotation": 90, "texture": "#3"},
				"east": {"uv": [10.5, 0.5, 16, 1], "texture": "#3"},
				"west": {"uv": [10.5, 0.5, 16, 1], "rotation": 180, "texture": "#3"},
				"up": {"uv": [1, 4.5, 2, 10], "rotation": 180, "texture": "#1"},
				"down": {"uv": [10.5, 10.5, 16, 11.5], "rotation": 90, "texture": "#5"}
			}
		},
		{
			"from": [6, 7, 1],
			"to": [9, 8, 12],
			"faces": {
				"north": {"uv": [15.5, 0.5, 16, 1.99], "rotation": 90, "texture": "#3"},
				"east": {"uv": [10.5, 2, 16, 2.5], "texture": "#3"},
				"west": {"uv": [10.5, 2, 16, 2.5], "rotation": 180, "texture": "#3"},
				"up": {"uv": [10.5, 11.5, 16, 13], "rotation": 270, "texture": "#5"},
				"down": {"uv": [11, 1, 16.5, 2.49], "rotation": 90, "texture": "#3"}
			}
		},
		{
			"from": [8, 8, 1],
			"to": [9, 9, 12],
			"faces": {
				"north": {"uv": [15.5, 0.5, 15.99, 1], "texture": "#3"},
				"east": {"uv": [10.5, 1, 16, 1.5], "texture": "#3"},
				"west": {"uv": [10.5, 11.5, 16, 12], "rotation": 180, "texture": "#5"},
				"up": {"uv": [7.5, 10.5, 8, 16], "rotation": 180, "texture": "#3"}
			}
		},
		{
			"from": [6, 8, 12],
			"to": [9, 10, 14],
			"rotation": {"angle": 0, "axis": "y", "origin": [14, 17, 20]},
			"faces": {
				"north": {"uv": [4, 1, 5.5, 2], "texture": "#3"},
				"east": {"uv": [0, 0, 1, 1], "texture": "#3"},
				"south": {"uv": [4.5, 0, 6, 1], "texture": "#3"},
				"west": {"uv": [0, 0, 1, 1], "rotation": 90, "texture": "#3"},
				"up": {"uv": [3, 0, 4.5, 1], "rotation": 180, "texture": "#3"},
				"down": {"uv": [2.5, 2.5, 4, 3.5], "texture": "#3"}
			}
		},
		{
			"from": [7, 7, 13],
			"to": [8, 9, 15],
			"rotation": {"angle": 0, "axis": "y", "origin": [13, 15, 20]},
			"faces": {
				"east": {"uv": [1, 1, 2, 2], "texture": "#1"},
				"south": {"uv": [2, 0.5, 2.5, 1.5], "texture": "#1"},
				"west": {"uv": [0.5, 1, 1.5, 2], "texture": "#1"},
				"up": {"uv": [2, 0.5, 2.5, 1.5], "rotation": 180, "texture": "#1"},
				"down": {"uv": [2, 0.5, 2.5, 1.5], "rotation": 180, "texture": "#1"}
			}
		},
		{
			"from": [8, 10, 12],
			"to": [9, 11, 13],
			"rotation": {"angle": 0, "axis": "y", "origin": [16, 18, 20]},
			"faces": {
				"north": {"uv": [0, 0, 0.5, 0.5], "texture": "#5"},
				"east": {"uv": [0, 0, 0.5, 0.5], "texture": "#5"},
				"south": {"uv": [0, 0, 0.5, 0.5], "texture": "#5"},
				"west": {"uv": [0, 0, 0.5, 0.5], "texture": "#5"},
				"up": {"uv": [0, 0, 0.5, 0.5], "texture": "#5"}
			}
		},
		{
			"from": [6, 10, 12],
			"to": [7, 11, 13],
			"rotation": {"angle": 0, "axis": "y", "origin": [14, 18, 20]},
			"faces": {
				"north": {"uv": [0, 0, 0.5, 0.5], "texture": "#5"},
				"east": {"uv": [0, 0, 0.5, 0.5], "texture": "#5"},
				"south": {"uv": [0, 0, 0.5, 0.5], "texture": "#5"},
				"west": {"uv": [0, 0, 0.5, 0.5], "texture": "#5"},
				"up": {"uv": [0, 0, 0.5, 0.5], "texture": "#5"}
			}
		},
		{
			"from": [7, 10, 2],
			"to": [8, 11, 3],
			"rotation": {"angle": 0, "axis": "y", "origin": [15, 18, 10]},
			"faces": {
				"north": {"uv": [0, 0, 0.5, 0.5], "texture": "#5"},
				"east": {"uv": [0, 0, 0.5, 0.5], "texture": "#5"},
				"south": {"uv": [0, 0, 0.5, 0.5], "texture": "#5"},
				"west": {"uv": [0, 0, 0.5, 0.5], "texture": "#5"},
				"up": {"uv": [0, 0, 0.5, 0.5], "texture": "#5"}
			}
		},
		{
			"from": [6, 1, 9],
			"to": [9, 2, 13],
			"rotation": {"angle": 0, "axis": "y", "origin": [14, 9, 20]},
			"faces": {
				"north": {"uv": [0.5, 0.5, 2, 1], "texture": "#3"},
				"east": {"uv": [0.5, 0.5, 2.5, 1], "texture": "#3"},
				"south": {"uv": [0.5, 0.5, 2, 1], "texture": "#3"},
				"west": {"uv": [0.5, 0.5, 2.5, 1], "texture": "#3"},
				"up": {"uv": [0.5, 0.5, 2, 2.5], "texture": "#3"},
				"down": {"uv": [1, 1, 2.5, 3], "texture": "#3"}
			}
		},
		{
			"from": [7, 5, 7],
			"to": [8, 8, 8],
			"rotation": {"angle": -22.5, "axis": "x", "origin": [7.5, 6.5, 7.5]},
			"faces": {
				"north": {"uv": [0, 0, 0.5, 1.5], "texture": "#5"},
				"east": {"uv": [0, 0, 0.5, 1.5], "texture": "#5"},
				"south": {"uv": [0, 0, 0.5, 1.5], "texture": "#5"},
				"west": {"uv": [0, 0, 0.5, 1.5], "texture": "#5"},
				"up": {"uv": [0, 0, 0.5, 0.5], "texture": "#5"},
				"down": {"uv": [0, 0, 0.5, 0.5], "texture": "#5"}
			}
		},
		{
			"from": [6, 3, 10.5],
			"to": [9, 5, 12.5],
			"rotation": {"angle": 0, "axis": "y", "origin": [14, 11, 18.5]},
			"faces": {
				"east": {"uv": [0, 0, 1, 1], "texture": "#6"},
				"west": {"uv": [0, 0, 1, 1], "texture": "#6"}
			}
		}
	],
	"display": {
		"thirdperson_righthand": {
			"translation": [0, 1, -0.25],
			"scale": [0.9, 0.9, 0.9]
		},
		"thirdperson_lefthand": {
			"translation": [0, 1, -0.25],
			"scale": [0.9, 0.9, 0.9]
		},
		"firstperson_righthand": {
			"translation": [0, 1, -0.25],
			"scale": [0.9, 0.9, 0.9]
		},
		"firstperson_lefthand": {
			"translation": [0, 1, -0.25],
			"scale": [0.9, 0.9, 0.9]
		},
		"ground": {
			"translation": [0.25, 2, 0],
			"scale": [0.5, 0.5, 0.5]
		},
		"gui": {
			"rotation": [30, -135, 0],
			"translation": [-0.25, 0, 0]
		},
		"head": {
			"translation": [0, 7.5, 0]
		},
		"fixed": {
			"rotation": [0, 90, 0],
			"translation": [0, 0, -1.25],
			"scale": [1.25, 1.25, 1.25]
		}
	}
}