{
	"credit": "Made with Blockbench",
	"texture_size": [32, 32],
	"textures": {
		"1": "new assets:gun/skinned/5_teams/skin maker kit/gunmetal_base",
		"2": "new assets:gun/skinned/5_teams/skin maker kit/gunmetal_dark",
		"3": "new assets:gun/skinned/5_teams/skin maker kit/gunmetal_light",
		"4": "new assets:gun/skinned/5_teams/skin maker kit/gunmetal_color_material",
		"5": "new assets:gun/skinned/5_teams/skin maker kit/skin_stickers",
		"particle": "new assets:gun/skinned/5_teams/skin maker kit/skin_stickers"
	},
	"elements": [
		{
			"from": [5, 9, -16],
			"to": [6, 11, 3],
			"rotation": {"angle": 0, "axis": "y", "origin": [8, 9, -1]},
			"faces": {
				"north": {"uv": [15.5, 0.5, 16, 1.5], "texture": "#1"},
				"east": {"uv": [6.5, 11, 16, 12], "texture": "#2"},
				"west": {"uv": [6.5, 3, 16, 4], "rotation": 180, "texture": "#1"}
			}
		},
		{
			"from": [8, 9, 3],
			"to": [9, 11, 20],
			"rotation": {"angle": 0, "axis": "y", "origin": [6, 9, 7]},
			"faces": {
				"east": {"uv": [6.5, 3, 15, 4], "rotation": 180, "texture": "#1"},
				"south": {"uv": [15.5, 0.5, 16, 1.5], "texture": "#1"},
				"west": {"uv": [6.5, 11, 15, 12], "texture": "#2"}
			}
		},
		{
			"from": [4.95, 1.50105, 17.49163],
			"to": [9.05, 11.50105, 21.49163],
			"rotation": {"angle": -22.5, "axis": "x", "origin": [7.01, 8.00105, 19.49163]},
			"faces": {
				"north": {"uv": [0, 8, 2.05, 13], "rotation": 180, "texture": "#4"},
				"east": {"uv": [0, 8, 2, 13], "rotation": 180, "texture": "#4"},
				"south": {"uv": [0, 8, 2.05, 13], "rotation": 180, "texture": "#4"},
				"west": {"uv": [0, 8, 2, 13], "rotation": 180, "texture": "#4"},
				"up": {"uv": [0, 8, 2.05, 10], "rotation": 180, "texture": "#4"},
				"down": {"uv": [0, 8, 2.05, 10], "rotation": 180, "texture": "#4"}
			}
		},
		{
			"from": [6.01, 10, 20],
			"to": [7.99, 12, 29],
			"rotation": {"angle": 0, "axis": "y", "origin": [8, 9, 17]},
			"faces": {
				"east": {"uv": [0.5, 1, 4.5, 2], "texture": "#3"},
				"west": {"uv": [1, 1, 5, 2], "texture": "#3"},
				"up": {"uv": [1, 1, 5, 1.9895], "rotation": 90, "texture": "#3"},
				"down": {"uv": [1.5, 5.5, 5.5, 6.4895], "rotation": 90, "texture": "#3"}
			}
		},
		{
			"from": [5.5, 9, 29],
			"to": [8.5, 13, 31],
			"rotation": {"angle": 0, "axis": "x", "origin": [6.5, 12, 29]},
			"faces": {
				"north": {"uv": [2, 9, 3.5, 11], "rotation": 180, "texture": "#4"},
				"east": {"uv": [1, 10.5, 3, 11.5], "rotation": 270, "texture": "#4"},
				"south": {"uv": [0, 11, 1.5, 13], "texture": "#4"},
				"west": {"uv": [0, 8.5, 2, 9.5], "rotation": 90, "texture": "#4"},
				"up": {"uv": [3, 11, 4.5, 12], "rotation": 180, "texture": "#4"}
			}
		},
		{
			"from": [5.5, 4.15224, 29.76537],
			"to": [8.5, 9.15224, 31.76537],
			"rotation": {"angle": -22.5, "axis": "x", "origin": [6.5, 7.15224, 29.76537]},
			"faces": {
				"north": {"uv": [2, 9, 3.5, 11.5], "rotation": 180, "texture": "#4"},
				"east": {"uv": [1, 10.5, 3.5, 11.5], "rotation": 270, "texture": "#4"},
				"south": {"uv": [0, 11, 1.5, 13.5], "texture": "#4"},
				"west": {"uv": [0, 8.5, 2.5, 9.5], "rotation": 90, "texture": "#4"},
				"down": {"uv": [1.5, 10.5, 3, 11.5], "texture": "#4"}
			}
		},
		{
			"from": [6, 4.48, 6.46],
			"to": [8, 8.48, 12.46],
			"rotation": {"angle": 0, "axis": "x", "origin": [7, 5.01, 10.46]},
			"faces": {
				"north": {"uv": [2.5, 9.5, 3.5, 11.5], "rotation": 180, "texture": "#4"},
				"east": {"uv": [2, 11.5, 4, 14.5], "rotation": 270, "texture": "#4"},
				"south": {"uv": [2.5, 10, 3.5, 12], "texture": "#4"},
				"west": {"uv": [3, 10, 5, 13], "rotation": 90, "texture": "#4"},
				"down": {"uv": [0, 0, 1, 3], "texture": "#4"}
			}
		},
		{
			"from": [5, 11, -16],
			"to": [9, 12, 3],
			"rotation": {"angle": 0, "axis": "y", "origin": [8, 9, -1]},
			"faces": {
				"north": {"uv": [15.5, 0.5, 16, 2.5], "rotation": 90, "texture": "#1"},
				"east": {"uv": [6.5, 0.5, 16, 1], "texture": "#1"},
				"west": {"uv": [6.5, 0.5, 16, 1], "rotation": 180, "texture": "#1"},
				"up": {"uv": [6.5, 0.5, 16, 2.4895], "rotation": 270, "texture": "#1"},
				"down": {"uv": [6.5, 11.5, 16, 13.5], "rotation": 90, "texture": "#2"}
			}
		},
		{
			"from": [5, 11, 3],
			"to": [9, 12, 20],
			"rotation": {"angle": 0, "axis": "y", "origin": [6, 9, 7]},
			"faces": {
				"east": {"uv": [6.5, 0.5, 15, 1], "rotation": 180, "texture": "#1"},
				"south": {"uv": [15.5, 0.5, 16, 2.5], "rotation": 90, "texture": "#1"},
				"west": {"uv": [6.5, 0.5, 15, 1], "texture": "#1"},
				"up": {"uv": [6.5, 0.5, 15, 2.5], "rotation": 90, "texture": "#1"},
				"down": {"uv": [6.5, 11.5, 15, 13.5], "rotation": 270, "texture": "#2"}
			}
		},
		{
			"from": [5, 8, -16],
			"to": [9, 9, 3],
			"rotation": {"angle": 0, "axis": "y", "origin": [8, 9, -1]},
			"faces": {
				"north": {"uv": [15.5, 0.5, 16, 2.5], "rotation": 90, "texture": "#1"},
				"east": {"uv": [6.5, 2, 16, 2.5], "texture": "#1"},
				"west": {"uv": [6.5, 2, 16, 2.5], "rotation": 180, "texture": "#1"},
				"up": {"uv": [6.5, 11.5, 16, 13.5], "rotation": 270, "texture": "#2"},
				"down": {"uv": [6.5, 0.5, 16, 2.5], "rotation": 90, "texture": "#1"}
			}
		},
		{
			"from": [5, 8, 3],
			"to": [9, 9, 20],
			"rotation": {"angle": 0, "axis": "y", "origin": [6, 9, 7]},
			"faces": {
				"east": {"uv": [6.5, 2, 16, 2.5], "rotation": 180, "texture": "#1"},
				"south": {"uv": [15.5, 0.5, 16, 2.5], "rotation": 90, "texture": "#1"},
				"west": {"uv": [6.5, 2, 15, 2.5], "texture": "#1"},
				"up": {"uv": [6.5, 11.5, 15, 13.5], "rotation": 90, "texture": "#2"},
				"down": {"uv": [6.5, 0.5, 15, 2.5], "rotation": 270, "texture": "#1"}
			}
		},
		{
			"from": [8, 9, -16],
			"to": [9, 11, 3],
			"rotation": {"angle": 0, "axis": "y", "origin": [8, 9, -1]},
			"faces": {
				"north": {"uv": [15.5, 0.5, 16, 1.5], "texture": "#1"},
				"east": {"uv": [6.5, 3.5, 16, 4.5], "texture": "#1"},
				"west": {"uv": [6.5, 4, 16, 5], "rotation": 180, "texture": "#2"}
			}
		},
		{
			"from": [5, 9, 3],
			"to": [6, 11, 20],
			"rotation": {"angle": 0, "axis": "y", "origin": [6, 9, 7]},
			"faces": {
				"east": {"uv": [6.5, 4, 15, 5], "rotation": 180, "texture": "#2"},
				"south": {"uv": [15.5, 0.5, 16, 1.5], "texture": "#1"},
				"west": {"uv": [6.5, 3.5, 15, 4.5], "texture": "#1"}
			}
		},
		{
			"from": [6.01, 9, 15],
			"to": [7.99, 11, 21],
			"rotation": {"angle": 0, "axis": "y", "origin": [8, 9, 19]},
			"faces": {
				"north": {"uv": [15, 15, 15.9795, 16], "texture": "#2"}
			}
		},
		{
			"from": [5, 12, -13],
			"to": [9, 13, 2],
			"rotation": {"angle": 0, "axis": "y", "origin": [14, 20, 0]},
			"faces": {
				"north": {"uv": [4.5, 3, 6.5, 3.5], "rotation": 180, "texture": "#3"},
				"east": {"uv": [6, 3, 6.5, 10.5], "rotation": 90, "texture": "#3"},
				"west": {"uv": [4.5, 3, 5, 10.5], "rotation": 270, "texture": "#3"},
				"up": {"uv": [4.5, 3, 6.5, 10.5], "texture": "#3"}
			}
		},
		{
			"from": [5, 7, -14],
			"to": [9, 8, -6],
			"rotation": {"angle": 0, "axis": "z", "origin": [7, 7.5, -6.5]},
			"faces": {
				"north": {"uv": [4.5, 3, 6.5, 3.5], "texture": "#3"},
				"east": {"uv": [4.5, 3, 5, 7], "rotation": 90, "texture": "#3"},
				"south": {"uv": [4.5, 6.5, 6.5, 7], "rotation": 180, "texture": "#3"},
				"west": {"uv": [6, 3, 6.5, 7], "rotation": 270, "texture": "#3"},
				"down": {"uv": [4.5, 3, 6.5, 7], "rotation": 180, "texture": "#3"}
			}
		},
		{
			"from": [5, 12, 2],
			"to": [9, 13, 19],
			"rotation": {"angle": 0, "axis": "y", "origin": [14, 20, 15]},
			"faces": {
				"east": {"uv": [6, 3, 6.5, 11.5], "rotation": 90, "texture": "#3"},
				"south": {"uv": [4.5, 11, 6.5, 11.5], "texture": "#3"},
				"west": {"uv": [4.5, 3, 5, 11.5], "rotation": 270, "texture": "#3"},
				"up": {"uv": [4.5, 3, 6.5, 11.5], "texture": "#3"}
			}
		},
		{
			"from": [6.5, 6, 14],
			"to": [7.5, 9, 15],
			"rotation": {"angle": -22.5, "axis": "x", "origin": [7, 8, 14.5]},
			"faces": {
				"north": {"uv": [11, 1, 11.5, 2.5], "texture": "#2"},
				"east": {"uv": [12.5, 2.5, 13, 4], "texture": "#2"},
				"south": {"uv": [2.5, 3.5, 3, 5], "texture": "#2"},
				"west": {"uv": [3, 2, 3.5, 3.5], "texture": "#2"},
				"down": {"uv": [4, 3.5, 4.5, 4], "texture": "#2"}
			}
		},
		{
			"from": [6, 5, -13],
			"to": [8, 7, -11],
			"rotation": {"angle": 0, "axis": "y", "origin": [15, 14, -4]},
			"faces": {
				"north": {"uv": [0, 0, 1, 1], "texture": "#4"},
				"east": {"uv": [0, 0, 1, 1], "texture": "#4"},
				"south": {"uv": [0, 0, 1, 1], "texture": "#4"},
				"west": {"uv": [0, 0, 1, 1], "texture": "#4"},
				"up": {"uv": [0, 0, 1, 1], "texture": "#4"},
				"down": {"uv": [0, 0, 1, 1], "texture": "#4"}
			}
		},
		{
			"from": [6.03806, 0.19134, -12.5],
			"to": [7.03806, 5.19134, -11.5],
			"rotation": {"angle": -22.5, "axis": "z", "origin": [6.53806, 5.19134, -12]},
			"faces": {
				"north": {"uv": [6, 13.5, 6.5, 16], "texture": "#2"},
				"east": {"uv": [6, 13.5, 6.5, 16], "texture": "#2"},
				"south": {"uv": [6, 13.5, 6.5, 16], "texture": "#2"},
				"west": {"uv": [6, 13.5, 6.5, 16], "texture": "#2"},
				"up": {"uv": [6.5, 15.5, 7, 16], "texture": "#2"},
				"down": {"uv": [6.5, 15.5, 7, 16], "texture": "#2"}
			}
		},
		{
			"from": [7.03806, 0.19134, -12.5],
			"to": [8.03806, 5.19134, -11.5],
			"rotation": {"angle": 22.5, "axis": "z", "origin": [7.53806, 5.19134, -12]},
			"faces": {
				"north": {"uv": [3.5, 13.5, 4, 16], "texture": "#2"},
				"east": {"uv": [3.5, 13.5, 4, 16], "texture": "#2"},
				"south": {"uv": [3.5, 13.5, 4, 16], "texture": "#2"},
				"west": {"uv": [3.5, 13.5, 4, 16], "texture": "#2"},
				"up": {"uv": [3.5, 15.5, 4, 16], "texture": "#2"},
				"down": {"uv": [3.5, 15.5, 4, 16], "texture": "#2"}
			}
		},
		{
			"from": [6.5, 13, 7],
			"to": [7.5, 14, 12],
			"rotation": {"angle": 0, "axis": "y", "origin": [14.5, 21, 15]},
			"faces": {
				"north": {"uv": [0, 0, 0.5, 0.5], "texture": "#2"},
				"east": {"uv": [0, 0, 2.5, 0.5], "texture": "#2"},
				"south": {"uv": [0, 0, 0.5, 0.5], "texture": "#2"},
				"west": {"uv": [0, 0, 2.5, 0.5], "texture": "#2"},
				"up": {"uv": [0, 0, 0.5, 2.5], "texture": "#2"}
			}
		},
		{
			"from": [6.5, 14, 7],
			"to": [7.5, 15, 8],
			"rotation": {"angle": 0, "axis": "y", "origin": [14.5, 22, 15]},
			"faces": {
				"north": {"uv": [0, 0, 0.5, 0.5], "texture": "#2"},
				"east": {"uv": [0, 0, 0.5, 0.5], "texture": "#2"},
				"south": {"uv": [0, 0, 0.5, 0.5], "texture": "#2"},
				"west": {"uv": [0, 0, 0.5, 0.5], "texture": "#2"},
				"up": {"uv": [0, 0, 0.5, 0.5], "texture": "#2"}
			}
		},
		{
			"from": [6.5, 14, 11],
			"to": [7.5, 15, 12],
			"rotation": {"angle": 0, "axis": "y", "origin": [14.5, 22, 19]},
			"faces": {
				"north": {"uv": [0, 0, 0.5, 0.5], "texture": "#2"},
				"east": {"uv": [0, 0, 0.5, 0.5], "texture": "#2"},
				"south": {"uv": [0, 0, 0.5, 0.5], "texture": "#2"},
				"west": {"uv": [0, 0, 0.5, 0.5], "texture": "#2"},
				"up": {"uv": [0, 0, 0.5, 0.5], "texture": "#2"}
			}
		},
		{
			"from": [5.5, 14.5, 14.99],
			"to": [8.5, 15.5, 19.99],
			"rotation": {"angle": 0, "axis": "y", "origin": [14.5, 22.5, 26]},
			"faces": {
				"north": {"uv": [0, 0, 1.5, 0.5], "texture": "#4"},
				"east": {"uv": [0, 0, 2.5, 0.5], "texture": "#4"},
				"south": {"uv": [0, 0, 1.5, 0.5], "texture": "#4"},
				"west": {"uv": [0, 0, 2.5, 0.5], "texture": "#4"},
				"up": {"uv": [0, 0, 1.5, 2.5], "texture": "#4"},
				"down": {"uv": [0, 0, 1.5, 2.5], "texture": "#4"}
			}
		},
		{
			"from": [6, 17, 4.99],
			"to": [8, 18, 14.99],
			"rotation": {"angle": 0, "axis": "y", "origin": [15, 25, 16]},
			"faces": {
				"north": {"uv": [0, 0, 1, 0.5], "texture": "#3"},
				"east": {"uv": [1, 1, 1.5, 6], "rotation": 90, "texture": "#3"},
				"south": {"uv": [0, 0, 1, 0.5], "texture": "#3"},
				"west": {"uv": [1, 1, 1.5, 6], "rotation": 270, "texture": "#3"},
				"up": {"uv": [1, 1, 2, 6], "texture": "#3"},
				"down": {"uv": [0, 0, 1, 5], "texture": "#3"}
			}
		},
		{
			"from": [6, 15, 4.99],
			"to": [8, 16, 14.99],
			"rotation": {"angle": 0, "axis": "y", "origin": [15, 23, 16]},
			"faces": {
				"north": {"uv": [0, 0, 1, 0.5], "texture": "#3"},
				"east": {"uv": [1, 1, 1.5, 6], "rotation": 90, "texture": "#3"},
				"south": {"uv": [0, 0, 1, 0.5], "texture": "#3"},
				"west": {"uv": [1, 1, 1.5, 6], "rotation": 270, "texture": "#3"},
				"up": {"uv": [1, 1, 2, 6], "texture": "#3"},
				"down": {"uv": [2.5, 1.5, 3.5, 6.5], "texture": "#3"}
			}
		},
		{
			"from": [5.5, 17.5, 14.99],
			"to": [8.5, 18.5, 19.99],
			"rotation": {"angle": 0, "axis": "y", "origin": [14.5, 25.5, 26]},
			"faces": {
				"north": {"uv": [0, 0, 1.5, 0.5], "texture": "#4"},
				"east": {"uv": [0, 0, 2.5, 0.5], "texture": "#4"},
				"south": {"uv": [0, 0, 1.5, 0.5], "texture": "#4"},
				"west": {"uv": [0, 0, 2.5, 0.5], "texture": "#4"},
				"up": {"uv": [0, 0, 1.5, 2.5], "texture": "#4"},
				"down": {"uv": [0, 0, 1.5, 2.5], "texture": "#4"}
			}
		},
		{
			"from": [5.5, 14.5, 2.99],
			"to": [8.5, 15.5, 4.99],
			"rotation": {"angle": 0, "axis": "y", "origin": [14.5, 22.5, 11]},
			"faces": {
				"north": {"uv": [0, 0, 1.5, 0.5], "texture": "#2"},
				"east": {"uv": [0, 0, 1, 0.5], "texture": "#2"},
				"south": {"uv": [0, 0, 1.5, 0.5], "texture": "#2"},
				"west": {"uv": [0, 0, 1, 0.5], "texture": "#2"},
				"up": {"uv": [1, 1, 2.5, 2], "texture": "#2"},
				"down": {"uv": [1, 1, 2.5, 2], "texture": "#2"}
			}
		},
		{
			"from": [5.5, 17.5, 2.99],
			"to": [8.5, 18.5, 4.99],
			"rotation": {"angle": 0, "axis": "y", "origin": [14.5, 25.5, 11]},
			"faces": {
				"north": {"uv": [0, 0, 1.5, 0.5], "texture": "#2"},
				"east": {"uv": [0, 0, 1, 0.5], "texture": "#2"},
				"south": {"uv": [0, 0, 1.5, 0.5], "texture": "#2"},
				"west": {"uv": [0, 0, 1, 0.5], "texture": "#2"},
				"up": {"uv": [1, 1, 2.5, 2], "texture": "#2"},
				"down": {"uv": [1, 1, 2.5, 2], "texture": "#2"}
			}
		},
		{
			"from": [5, 18, -2.01],
			"to": [9, 19, 2.99],
			"rotation": {"angle": 0, "axis": "y", "origin": [15, 26, 8]},
			"faces": {
				"north": {"uv": [0, 0, 2, 0.5], "texture": "#4"},
				"east": {"uv": [0, 0, 2.5, 0.5], "texture": "#4"},
				"south": {"uv": [0, 0, 2, 0.5], "texture": "#4"},
				"west": {"uv": [0, 0, 2.5, 0.5], "texture": "#4"},
				"up": {"uv": [0, 0, 2, 2.5], "texture": "#4"},
				"down": {"uv": [0, 0, 2, 2.5], "texture": "#4"}
			}
		},
		{
			"from": [5, 14, -2.01],
			"to": [9, 15, 2.99],
			"rotation": {"angle": 0, "axis": "y", "origin": [15, 22, 8]},
			"faces": {
				"north": {"uv": [0, 0, 2, 0.5], "texture": "#4"},
				"east": {"uv": [0, 0, 2.5, 0.5], "texture": "#4"},
				"south": {"uv": [0, 0, 2, 0.5], "texture": "#4"},
				"west": {"uv": [0, 0, 2.5, 0.5], "texture": "#4"},
				"up": {"uv": [0, 0, 2, 2.5], "texture": "#4"},
				"down": {"uv": [0, 0, 2, 2.5], "texture": "#4"}
			}
		},
		{
			"from": [5.5, 15.5, 5],
			"to": [6.5, 17.5, 15],
			"rotation": {"angle": 0, "axis": "y", "origin": [15.5, 23.5, 17]},
			"faces": {
				"north": {"uv": [0, 0, 0.5, 1], "texture": "#3"},
				"east": {"uv": [3.5, 0, 8.5, 1], "texture": "#3"},
				"south": {"uv": [0, 0, 0.5, 1], "texture": "#3"},
				"west": {"uv": [1, 1, 2, 6], "rotation": 270, "texture": "#3"},
				"up": {"uv": [1, 1, 1.5, 6], "texture": "#3"},
				"down": {"uv": [1, 1, 1.5, 6], "rotation": 180, "texture": "#3"}
			}
		},
		{
			"from": [5, 15, 15],
			"to": [6, 18, 20],
			"rotation": {"angle": 0, "axis": "y", "origin": [15, 23, 27]},
			"faces": {
				"north": {"uv": [0, 0, 0.5, 1.5], "texture": "#4"},
				"east": {"uv": [0, 0, 2.5, 1.5], "texture": "#4"},
				"south": {"uv": [0, 0, 0.5, 1.5], "texture": "#4"},
				"west": {"uv": [0, 0, 2.5, 1.5], "texture": "#4"},
				"up": {"uv": [0, 0, 0.5, 2.5], "texture": "#4"},
				"down": {"uv": [0, 0, 0.5, 2.5], "texture": "#4"}
			}
		},
		{
			"from": [4.5, 14.5, -2],
			"to": [5.5, 18.5, 3],
			"rotation": {"angle": 0, "axis": "y", "origin": [14.5, 22.5, 9]},
			"faces": {
				"north": {"uv": [0, 0, 0.5, 2], "texture": "#4"},
				"east": {"uv": [0, 0, 2.5, 2], "texture": "#4"},
				"south": {"uv": [0, 0, 0.5, 2], "texture": "#4"},
				"west": {"uv": [0, 0, 2.5, 2], "texture": "#4"},
				"up": {"uv": [0, 0, 0.5, 2.5], "texture": "#4"},
				"down": {"uv": [0, 0, 0.5, 2.5], "texture": "#4"}
			}
		},
		{
			"from": [8.5, 14.5, -2],
			"to": [9.5, 18.5, 3],
			"rotation": {"angle": 0, "axis": "y", "origin": [18.5, 22.5, 9]},
			"faces": {
				"north": {"uv": [0, 0, 0.5, 2], "texture": "#4"},
				"east": {"uv": [0, 0, 2.5, 2], "texture": "#4"},
				"south": {"uv": [0, 0, 0.5, 2], "texture": "#4"},
				"west": {"uv": [0, 0, 2.5, 2], "texture": "#4"},
				"up": {"uv": [0, 0, 0.5, 2.5], "texture": "#4"},
				"down": {"uv": [0, 0, 0.5, 2.5], "texture": "#4"}
			}
		},
		{
			"from": [7.5, 15.5, 5],
			"to": [8.5, 17.5, 15],
			"rotation": {"angle": 0, "axis": "y", "origin": [17.5, 23.5, 17]},
			"faces": {
				"north": {"uv": [0, 0, 0.5, 1], "texture": "#3"},
				"east": {"uv": [1, 1, 2, 6], "rotation": 90, "texture": "#3"},
				"south": {"uv": [0, 0, 0.5, 1], "texture": "#3"},
				"west": {"uv": [2, 1, 7, 2], "texture": "#3"},
				"up": {"uv": [1, 1, 1.5, 6], "texture": "#3"},
				"down": {"uv": [1, 1, 1.5, 6], "rotation": 180, "texture": "#3"}
			}
		},
		{
			"from": [8, 15, 15],
			"to": [9, 18, 20],
			"rotation": {"angle": 0, "axis": "y", "origin": [18, 23, 27]},
			"faces": {
				"north": {"uv": [0, 0, 0.5, 1.5], "texture": "#4"},
				"east": {"uv": [0, 0, 2.5, 1.5], "texture": "#4"},
				"south": {"uv": [0, 0, 0.5, 1.5], "texture": "#4"},
				"west": {"uv": [0, 0, 2.5, 1.5], "texture": "#4"},
				"up": {"uv": [0, 0, 0.5, 2.5], "texture": "#4"},
				"down": {"uv": [0, 0, 0.5, 2.5], "texture": "#4"}
			}
		},
		{
			"from": [8, 15, 3],
			"to": [9, 18, 5],
			"rotation": {"angle": 0, "axis": "y", "origin": [18, 23, 12]},
			"faces": {
				"north": {"uv": [0, 0, 0.5, 1.5], "texture": "#2"},
				"east": {"uv": [0.5, 0.5, 1.5, 2], "texture": "#2"},
				"south": {"uv": [0, 0, 0.5, 1.5], "texture": "#2"},
				"west": {"uv": [0.5, 0.5, 1.5, 2], "texture": "#2"},
				"up": {"uv": [0, 0, 0.5, 1], "texture": "#2"},
				"down": {"uv": [0, 0, 0.5, 1], "texture": "#2"}
			}
		},
		{
			"from": [5, 15, 3],
			"to": [6, 18, 5],
			"rotation": {"angle": 0, "axis": "y", "origin": [15, 23, 12]},
			"faces": {
				"north": {"uv": [0, 0, 0.5, 1.5], "texture": "#2"},
				"east": {"uv": [0.5, 0.5, 1.5, 2], "texture": "#2"},
				"south": {"uv": [0, 0, 0.5, 1.5], "texture": "#2"},
				"west": {"uv": [0.5, 0.5, 1.5, 2], "texture": "#2"},
				"up": {"uv": [0, 0, 0.5, 1], "texture": "#2"},
				"down": {"uv": [0, 0, 0.5, 1], "texture": "#2"}
			}
		},
		{
			"from": [4.9, 8.5, 0],
			"to": [9.1, 11.5, 3],
			"rotation": {"angle": 0, "axis": "y", "origin": [13, 16.5, 8]},
			"faces": {
				"east": {"uv": [0, 0, 1, 1], "texture": "#5"},
				"west": {"uv": [0, 0, 1, 1], "texture": "#5"}
			}
		}
	],
	"display": {
		"thirdperson_righthand": {
			"translation": [0.25, 0, -6.25],
			"scale": [0.9, 0.9, 0.9]
		},
		"thirdperson_lefthand": {
			"translation": [-1.5, 0, -6.25],
			"scale": [0.9, 0.9, 0.9]
		},
		"ground": {
			"translation": [0.5, 2, 0],
			"scale": [0.5, 0.5, 0.5]
		},
		"gui": {
			"rotation": [30, 225, 0],
			"translation": [-0.25, 0, 0],
			"scale": [0.4, 0.4, 0.4]
		},
		"head": {
			"translation": [1, 6, 0]
		},
		"fixed": {
			"rotation": [0, 90, 0],
			"translation": [1, -2.5, -3.75]
		}
	}
}